timestamp,model_version,git_commit_hash
2026-02-14 17:34:04,v2,448add58dee5b0d62e996074a7cad65f82e264e3
2026-02-14 17:39:57,v2,448add58dee5b0d62e996074a7cad65f82e264e3
2026-02-14 18:20:55,v2,ba8f270c1aed94f501ea98b5eb1f268dc211a696
2026-02-14 18:21:52,v2,ba8f270c1aed94f501ea98b5eb1f268dc211a696
2026-02-15 08:37:02,v2,ba8f270c1aed94f501ea98b5eb1f268dc211a696
2026-02-15 08:49:24,v2,e6568d5fc01ddd1ea167b8b35450effadfb79930
2026-02-15 08:56:19,v2,e6568d5fc01ddd1ea167b8b35450effadfb79930
2026-02-15 08:56:23,v2,e6568d5fc01ddd1ea167b8b35450effadfb79930
2026-02-15 08:56:27,v2,e6568d5fc01ddd1ea167b8b35450effadfb79930
2026-02-15 08:56:30,v2,e6568d5fc01ddd1ea167b8b35450effadfb79930
2026-02-15 08:56:33,v2,e6568d5fc01ddd1ea167b8b35450effadfb79930
2026-02-15 08:56:37,v2,e6568d5fc01ddd1ea167b8b35450effadfb79930
2026-02-15 08:56:41,v2,e6568d5fc01ddd1ea167b8b35450effadfb79930
2026-02-15 08:56:44,v2,e6568d5fc01ddd1ea167b8b35450effadfb79930
2026-02-15 08:56:47,v2,e6568d5fc01ddd1ea167b8b35450effadfb79930
2026-02-15 08:56:51,v2,e6568d5fc01ddd1ea167b8b35450effadfb79930
2026-02-15 08:56:53,v2,e6568d5fc01ddd1ea167b8b35450effadfb79930
2026-02-15 08:56:56,v2,e6568d5fc01ddd1ea167b8b35450effadfb79930
2026-02-15 08:57:01,v2,e6568d5fc01ddd1ea167b8b35450effadfb79930
2026-02-15 08:57:05,v2,e6568d5fc01ddd1ea167b8b35450effadfb79930
2026-02-15 08:57:07,v2,e6568d5fc01ddd1ea167b8b35450effadfb79930
2026-02-15 09:54:24,v3,f430b1eda163259466e6f8fbc2932f84476d23ab
2026-02-15 10:28:45,v3,25bfcab646d782dc57c84178cb426f5cf541bda5
2026-02-15 10:33:35,v3,f7373e3c72df06761b82a7f8e254aa8f84fb26eb
2026-02-15 12:24:25,v4,064e3d1c0b966309a7055c7a33305a28a644ee0b
2026-02-15 14:01:00,v4,da2f2fc3882153670b491dd11862246e237f79a7
2026-02-15 15:45:09,v5,da2f2fc3882153670b491dd11862246e237f79a7
2026-02-15 16:15:43,v6,b763c6baa83404d856aa2d13ef138906a9682110
2026-02-15 16:18:23,v6,b763c6baa83404d856aa2d13ef138906a9682110
2026-02-15 16:18:25,v6,b763c6baa83404d856aa2d13ef138906a9682110
